GPS Time,id,Latitude,Longitude,Altitude,GPS Precision,# Satellites,ED RSSI,GW RSSI
18:49:57,0,-21.7769345833333,-43.37242105,930.5,1,14,-85,-94
18:49:57,1,-21.7769345833333,-43.37242105,930.5,1,14,-93,-93
18:50:05,2,-21.7769344166667,-43.37242065,930.5,1,14,-99,-97
18:50:13,3,-21.77694045,-43.3724169333333,931.3,1,14,-99,-93
18:50:22,4,-21.7768630833333,-43.3724505166667,932.5,1,14,-97,-97
18:50:30,5,-21.7767630833333,-43.3724200333333,932,1,14,-100,-96
18:50:38,6,-21.7766520833333,-43.372391,933,1,13,-96,-103
18:50:46,7,-21.7765585666667,-43.3724300166667,933,1,13,-92,-85
18:50:54,8,-21.7764963666667,-43.3725161166667,932.3,1,14,-95,-96
18:51:02,9,-21.7764907833333,-43.3726300333333,933,1,14,-96,-88
18:51:10,10,-21.7765145833333,-43.37273885,932.2,1,14,-102,-95
18:51:18,11,-21.7765603833333,-43.3728341666667,931.2,1,14,-100,-101
18:51:26,12,-21.7766110166667,-43.3729196333333,930.7,1,14,-101,-108
18:51:35,13,-21.7766810666667,-43.3729985333333,931.3,1,14,-102,-95
18:51:43,14,-21.7767498833333,-43.37306805,931.4,1,14,-99,-98
18:51:51,15,-21.7767618333333,-43.3731812333333,932.4,1,14,-98,-101
18:51:59,16,-21.7768324666667,-43.3732604333333,933.6,1,14,-97,-94
18:52:07,17,-21.7769088166667,-43.373333,934.7,1,14,-101,-100
18:52:15,18,-21.7769855,-43.3734024,935.4,1,14,-100,-101
18:52:23,19,-21.7770619666667,-43.3734748166667,935.8,1,14,-94,-99
18:52:31,20,-21.7771377166667,-43.37354105,936.1,1,14,-98,-94
18:52:39,21,-21.7772152833333,-43.3736113333333,936.8,1,14,-99,-97
18:52:48,22,-21.7772985666667,-43.3736870666667,938,1,14,-99,-94
18:52:56,23,-21.7773739166667,-43.3737560666667,938.5,1,14,-95,-89
18:53:04,24,-21.7774496666667,-43.3738202333333,939.7,1,14,-92,-93
18:53:12,25,-21.77752555,-43.3738805166667,939.8,1,15,-89,-85
18:53:20,26,-21.7775934666667,-43.37394895,941.4,1,15,-89,-79
18:53:28,27,-21.7776731833333,-43.3740148666667,941.6,1,15,-87,-88
18:53:36,28,-21.7777481333333,-43.3740866833333,942.6,1,15,-90,-84
18:53:44,29,-21.7778304833333,-43.3741572333333,944.3,1,15,-80,-84
18:53:53,30,-21.7779272333333,-43.3742497333333,943.5,1,15,-93,-77
18:54:01,31,-21.7780111666667,-43.3743430833333,941.6,1,15,-88,-78
18:54:09,32,-21.77809595,-43.3744200333333,941.8,1,15,-92,-84
18:54:17,33,-21.7781746166667,-43.3744944166667,941.7,1,15,-92,-90
18:54:25,34,-21.7782518666667,-43.3745685833333,941.2,1,15,-95,-90
18:54:33,35,-21.7783285333333,-43.3746414,941.2,1,15,-87,-83
18:54:41,36,-21.77841085,-43.3747113333333,941.6,1,15,-96,-101
18:54:49,37,-21.7784890166667,-43.3747839166667,941.6,1,15,-95,-92
18:54:57,38,-21.7785665333333,-43.3748587166667,941.7,1,15,-98,-95
18:55:06,39,-21.7786648666667,-43.37492415,942.1,1,15,-92,-87
18:55:14,40,-21.7787533833333,-43.3749831333333,942.8,1,15,-97,-95
18:55:22,41,-21.7788407666667,-43.3750619666667,941.4,1,15,-92,-84
18:55:30,42,-21.7789321166667,-43.3751130166667,941.6,1,15,-94,-85
18:55:38,43,-21.7790343,-43.375113,941.9,1,15,-85,-76
18:55:46,44,-21.7791288666667,-43.3750666833333,941.5,1,15,-82,-73
18:55:54,45,-21.7792244333333,-43.3751035333333,941.1,1,15,-78,-73
18:56:02,46,-21.7793013833333,-43.3751713666667,942.5,1,15,-81,-73
18:56:10,47,-21.7793857166667,-43.3752432166667,942.4,1,15,-90,-73
18:56:19,48,-21.77948365,-43.3753348833333,942.5,1,15,-79,-88
18:56:27,49,-21.7795697166667,-43.37541345,941.8,1,15,-74,-73
18:56:35,50,-21.7796587166667,-43.3754882666667,942.3,1,15,-78,-65
18:56:43,51,-21.7797601,-43.3755144833333,944.3,1,15,-79,-67
18:56:51,52,-21.7798392333333,-43.3755915666667,941.7,1,15,-82,-72
18:56:59,53,-21.7799207833333,-43.3756644166667,941.5,1,15,-81,-75
18:57:07,54,-21.7800092666667,-43.3757419333333,942.5,1,15,-89,-79
18:57:15,55,-21.7800893666667,-43.3758200166667,943,1,15,-92,-90
18:57:24,56,-21.7801943166667,-43.3758792833333,942.8,1,15,-98,-96
18:57:32,57,-21.7802835833333,-43.3758692333333,941.2,1,15,-97,-91
18:57:40,58,-21.7802977666667,-43.3758657333333,940.2,1,15,-98,-91
18:57:48,59,-21.7802981,-43.3758662,940.1,1,15,-95,-88
18:57:56,60,-21.7803337333333,-43.3758439166667,939.4,1,15,-89,-91
18:58:04,61,-21.7803924833333,-43.3757692333333,937.5,1,15,-95,-94
18:58:12,62,-21.78040895,-43.3756762333333,937,1,15,-92,-97
18:58:20,63,-21.78032705,-43.37560625,935.5,1,15,-98,-94
18:58:28,64,-21.7802465166667,-43.37553705,934.4,1,15,-92,-97
18:58:37,65,-21.7801505,-43.3754572666667,933.3,1,15,-93,-90
18:58:45,66,-21.7800707833333,-43.3753815166667,932.6,1,15,-92,-99
18:58:53,67,-21.7799866166667,-43.3753064333333,931.9,1,15,-91,-79
18:59:01,68,-21.7798932166667,-43.37525335,932.1,1,15,-92,-93
18:59:09,69,-21.7798095666667,-43.3751858,931,1,15,-91,-89
18:59:17,70,-21.77974465,-43.3751041333333,931.1,1,15,-94,-84
18:59:25,71,-21.7796806833333,-43.3750211333333,930.7,1,15,-81,-93
18:59:33,72,-21.77960165,-43.3749439833333,931.7,1,15,-85,-83
18:59:41,73,-21.7795361,-43.3748615166667,932.3,1,15,-88,-87
18:59:50,74,-21.7794673666667,-43.3747547666667,932.2,1,15,-81,-90
18:59:58,75,-21.7794127166667,-43.3746555166667,933.3,1,15,-82,-77
19:00:06,76,-21.7793839333333,-43.37455425,934.2,1,15,-80,-73
19:00:14,77,-21.7793765833333,-43.3744502666667,935.9,1,15,-88,-82
19:00:22,78,-21.7793775166667,-43.3743634166667,938.4,1,15,-82,-85
19:00:30,79,-21.7793732833333,-43.3743381833333,938.5,1,15,-92,-81
19:00:38,80,-21.7793726333333,-43.3743382833333,938.6,1,15,-87,-73
19:00:46,81,-21.7793722833333,-43.3743382833333,938.6,1,15,-84,-67
19:00:54,82,-21.77937135,-43.3743376833333,939.2,1,15,-83,-78
19:01:03,83,-21.7793904833333,-43.3742394333333,940.3,1,15,-84,-79
19:01:11,84,-21.7793159833333,-43.3741655166667,939.7,1,15,-91,-75
19:01:19,85,-21.7792276833333,-43.3741114666667,938.3,1,15,-81,-70
19:01:27,86,-21.77914205,-43.3740454333333,937.9,1,15,-80,-75
19:01:35,87,-21.7790257833333,-43.3740300166667,937.1,1,15,-80,-73
19:01:43,88,-21.7789116166667,-43.37401445,938.9,1,15,-85,-82
19:01:51,89,-21.7788178666667,-43.3739738,941.2,1,15,-84,-88
19:02:08,91,-21.7789387666667,-43.3738170333333,940.6,1,15,-89,-79
19:02:16,92,-21.7790078666667,-43.3737292166667,941.2,1,15,-87,-83
19:02:24,93,-21.7790257166667,-43.3736365833333,940.7,1,15,-81,-75
19:02:32,94,-21.7790535333333,-43.37355535,939.7,1,15,-80,-72
19:02:40,95,-21.7791088,-43.3734716666667,940,1,15,-83,-76
19:02:48,96,-21.7791230166667,-43.3733659,940.1,1,15,-80,-85
19:02:56,97,-21.7790889166667,-43.3732777666667,940.5,1,15,-80,-83
19:03:04,98,-21.7790322166667,-43.3732135833333,941.4,1,15,-88,-79
19:03:12,99,-21.7789846166667,-43.3731273166667,943.3,1,15,-79,-77
19:03:21,100,-21.7789435166667,-43.37300765,945.7,1,15,-96,-79
19:03:29,101,-21.7788969333333,-43.3729036833333,945.6,1,15,-89,-79
19:03:37,102,-21.7788573166667,-43.3728091833333,946.2,1,15,-84,-73
19:03:45,103,-21.7788101333333,-43.3727187166667,944.6,1,15,-95,-80
19:03:53,104,-21.7787583666667,-43.3726350666667,943.8,1,15,-85,-90
19:04:01,105,-21.7787123333333,-43.3725360666667,942.7,1,15,-93,-82
19:04:09,106,-21.77867265,-43.3724316666667,941.5,1,15,-93,-89
19:04:17,107,-21.7786369333333,-43.3723212333333,941.3,1,15,-92,-87
19:04:25,108,-21.7785862833333,-43.3722266833333,941.8,1,15,-88,-75
19:04:34,109,-21.7785067833333,-43.3721401666667,941.1,1,15,-90,-78
19:04:42,110,-21.7784256833333,-43.3720778,941.7,1,15,-91,-82
19:04:50,111,-21.7783378333333,-43.37206955,940.7,1,15,-90,-82
19:04:58,112,-21.7782859333333,-43.3721401166667,937.9,1,15,-90,-85
19:05:06,113,-21.7782257,-43.3721406166667,935.2,1,15,-90,-101
19:05:14,114,-21.7781360833333,-43.3721745166667,936.5,1,15,-89,-88
19:05:22,115,-21.7780569833333,-43.372174,933.7,1,15,-87,-88
19:05:30,116,-21.7779892333333,-43.3721117666667,932.9,1,15,-96,-80
19:05:38,117,-21.7779204,-43.3720377166667,932.1,1,15,-87,-89
19:05:47,118,-21.7778523666667,-43.3719501666667,931.8,1,15,-87,-95
19:05:55,119,-21.7777598166667,-43.3719728833333,930.5,1,15,-90,-83
19:06:03,120,-21.7776625666667,-43.3719849333333,930.7,1,15,-96,-93
19:06:11,121,-21.7775640833333,-43.3720043333333,931.8,1,15,-94,-88
19:06:19,122,-21.77747225,-43.3720406666667,932.4,1,15,-94,-95
19:06:27,123,-21.7774202,-43.3721156166667,932.8,1,15,-94,-91
19:06:35,124,-21.7774304166667,-43.3722100166667,932.2,1,15,-97,-100
19:06:43,125,-21.7774148,-43.3722867166667,932.2,1,15,-98,-94
19:06:52,126,-21.77734105,-43.3722179333333,933.1,1,15,-95,-91
19:07:00,127,-21.7772646333333,-43.3722010333333,933.2,1,15,-92,-96
19:07:08,128,-21.7772019,-43.3722729333333,933.3,1,15,-97,-105
19:07:16,129,-21.7771419833333,-43.3723493666667,933.4,1,15,-95,-88
19:07:24,130,-21.7770661333333,-43.3723793666667,932.2,1,15,-95,-93
19:07:32,131,-21.77697575,-43.37235075,931.7,1,15,-99,-93
19:07:40,132,-21.7769023666667,-43.3724063333333,931.9,1,15,-98,-94
19:07:48,133,-21.7768598166667,-43.37246945,932,1,15,-97,-87
19:07:56,134,-21.7767773,-43.3724544833333,932.2,1,15,-91,-103
19:08:05,135,-21.7767033166667,-43.37250905,933.2,1,15,-90,-90
19:08:13,136,-21.7766234666667,-43.3725498333333,932.8,1,15,-95,-91
19:08:21,137,-21.7765726666667,-43.37262,933,1,15,-106,-110
19:08:29,138,-21.77652795,-43.3726942333333,934,1,15,-99,-101
19:08:37,139,-21.7764690333333,-43.3727627,932.9,1,15,-98,-94
19:08:45,140,-21.7764363666667,-43.3727550666667,930.2,1,15,-93,-91
19:08:53,141,-21.7763773833333,-43.372737,928.3,1,15,-92,-90
19:09:01,142,-21.7763041666667,-43.3726928833333,928.3,1,15,-94,-101
19:09:09,143,-21.7762406,-43.3726367333333,927.6,1,15,-100,-99
19:09:18,144,-21.7761709666667,-43.3725795666667,927,1,15,-101,-95
19:09:26,145,-21.7760988666667,-43.3725272166667,925.6,1,15,-99,-97
19:09:34,146,-21.77603575,-43.3724867166667,923.6,1,15,-97,-111
19:09:42,147,-21.7759898333333,-43.37244855,921.8,1,15,-100,-96
19:09:50,148,-21.7759248833333,-43.3724153,921.8,1,15,-106,-97
19:09:58,149,-21.7758619833333,-43.3723608666667,920.2,1,15,-99,-104
19:10:06,150,-21.7757981166667,-43.3723244333333,920.8,1,15,-99,-105
19:10:14,151,-21.7757127333333,-43.3723299833333,921,1,15,-107,-102
19:10:23,152,-21.7756181666667,-43.37234375,924.2,1,15,-104,-103
19:10:31,153,-21.7755357833333,-43.3723338333333,924,1,15,-120,-115
19:10:39,154,-21.77545655,-43.37232625,924.3,1,15,-110,-106
19:10:47,155,-21.7753740166667,-43.3722700833333,925,1,15,-112,-110
19:10:55,156,-21.7753511,-43.3721886166667,924,1,15,-111,-117
19:11:03,157,-21.7753573333333,-43.37211315,926.3,1,15,-118,-109
19:11:11,158,-21.7753871833333,-43.3720343166667,925.9,1,14,-118,-119
19:11:19,159,-21.7754447333333,-43.3719833666667,926.4,1,14,-119,-120
19:11:27,160,-21.77553105,-43.3719746,927.5,1,14,-117,-108
19:11:36,161,-21.7756355666667,-43.3719058833333,924,1,14,-111,-120
19:11:44,162,-21.7757233833333,-43.3718759833333,923.9,1,14,-108,-113
19:11:52,163,-21.7758104166667,-43.3718628333333,923.9,1,14,-110,-108
19:12:00,164,-21.7758924833333,-43.3718374333333,926,1,14,-115,-113
19:12:08,165,-21.7759825166667,-43.3718115833333,926.8,1,14,-108,-110
19:12:16,166,-21.77607455,-43.3717912166667,927.4,1,14,-112,-111
19:12:24,167,-21.7761722833333,-43.3717541666667,925.9,1,14,-108,-111
19:12:32,168,-21.7762589166667,-43.3717388166667,924.3,1,14,-105,-105
19:12:40,169,-21.7763615833333,-43.3717192166667,924.6,1,14,-116,-103
19:12:49,170,-21.77646165,-43.37170525,923.4,1,14,-112,-105
19:12:57,171,-21.77654855,-43.3716866333333,923.6,1,14,-108,-113
19:13:05,172,-21.7766320333333,-43.37165695,924.9,1,14,-113,-115
19:13:13,173,-21.7767289666667,-43.3716287666667,925.4,1,14,-107,-110
19:13:21,174,-21.7768204,-43.3715972333333,925.7,1,14,-107,-115
19:13:29,175,-21.7769146666667,-43.3715770833333,927.2,1,14,-102,-102
19:13:37,176,-21.7769957166667,-43.3715562166667,928.3,1,14,-110,-106
19:13:45,177,-21.7770912,-43.3715458833333,928.5,1,14,-115,-103
19:13:53,178,-21.7771960666667,-43.3715222666667,927.8,1,14,-105,-102
19:14:02,179,-21.7773101666667,-43.3715147666667,929.4,1,14,-113,-114
19:14:10,180,-21.7774158166667,-43.37147745,927.8,1,14,-117,-111
19:14:18,181,-21.7775236166667,-43.3714572,926,1,14,-105,-111
19:14:26,182,-21.7776269333333,-43.37143385,924.5,1,14,-102,-113
19:14:34,183,-21.7777323166667,-43.3713936166667,922.6,1,14,-106,-108
19:14:42,184,-21.7778291333333,-43.3713757666667,921.4,1,14,-106,-113
19:14:50,185,-21.7778601166667,-43.37138785,919.4,1,14,-103,-111
19:14:58,186,-21.7778602666667,-43.3713878833333,919.4,1,14,-108,-106
19:15:07,187,-21.7778679666667,-43.3713870666667,919.5,1,14,-111,-106
19:15:15,188,-21.7779527666667,-43.3714005333333,919.2,1,14,-104,-100
19:15:23,189,-21.7780442666667,-43.3714140166667,917.7,1,14,-106,-104
19:15:31,190,-21.7781251,-43.3714190666667,917.3,1,14,-107,-115
19:15:39,191,-21.7781934333333,-43.3714491666667,917.4,1,14,-109,-113
19:15:47,192,-21.7782592666667,-43.3714838666667,915.8,1,14,-115,-113
19:15:55,193,-21.77832415,-43.3715214,914.7,1,14,-112,-118
19:16:03,194,-21.7783870666667,-43.3715654833333,913.9,1,14,-117,-117
19:16:11,195,-21.7784802666667,-43.3715625,913.9,1,14,-107,-112
19:16:20,196,-21.7785674666667,-43.3715789333333,916.8,1,14,-100,-113
19:16:28,197,-21.7786405833333,-43.3716117166667,916.2,1,14,-100,-108
19:16:36,198,-21.7787379166667,-43.3716144333333,921.5,1,14,-106,-105
19:16:44,199,-21.7788141,-43.3715737666667,923.8,1,14,-112,-112
19:16:52,200,-21.7788358666667,-43.3715137,917.5,1,14,-106,-119
19:17:00,201,-21.7787941833333,-43.3714592666667,912.5,1,14,-110,-117
19:17:08,202,-21.7787430833333,-43.3714001333333,909.5,1,14,-104,-117
19:17:16,203,-21.7786870166667,-43.3713346833333,907.5,1,14,-113,-112
19:17:24,204,-21.7786373,-43.37126405,906.5,1,14,-112,-115
19:17:33,205,-21.7785726,-43.3711904166667,904.8,1,14,-116,-116
19:17:41,206,-21.77850755,-43.3711192,903.5,1,14,-112,-115
19:17:49,207,-21.7784431666667,-43.37104435,902,1,15,-115,-114
19:17:57,208,-21.7783752666667,-43.3709848,900,1,15,-118,-118
19:18:05,209,-21.7782992833333,-43.3709265333333,899.3,1,15,-113,-111
19:18:13,210,-21.7782225,-43.3708673833333,899,1,15,-121,-119
19:18:21,211,-21.7781383,-43.3708141166667,896.9,1,15,-125,-111
19:18:29,212,-21.7780548833333,-43.3707616666667,899.7,1,15,-120,-116
19:18:37,213,-21.7779687833333,-43.3707054,902.6,1,15,-120,-113
19:18:46,214,-21.7778767333333,-43.3706543166667,905.5,1,15,-117,-121
19:18:54,215,-21.7777775166667,-43.3706138166667,904.8,1,15,-119,-123
19:19:02,216,-21.7776956333333,-43.3705750833333,907.8,1,15,-116,-119
19:19:10,217,-21.7775979166667,-43.3705330166667,906.4,1,15,-116,-117
19:19:18,218,-21.7775049,-43.3705499333333,902.2,1,15,-117,-117
19:19:26,219,-21.7774256166667,-43.3706216,896.5,1,15,-123,-114
19:19:34,220,-21.7773427666667,-43.3706465833333,897.4,1,15,-124,-120
19:19:42,221,-21.7772626166667,-43.3706512333333,898.3,1,15,-116,-120
19:19:51,222,-21.7771621833333,-43.3706365833333,898.9,1,15,-122,-119
19:19:59,223,-21.7770834666667,-43.3706555666667,899,1,15,-122,-121
19:20:07,224,-21.7770150333333,-43.3706993833333,898.1,1,15,-124,-120
19:20:15,225,-21.7769307833333,-43.3707542666667,898.9,1,15,-124,-117
19:20:31,227,-21.77677725,-43.3708539166667,900.5,1,15,-116,-117
19:20:39,228,-21.7766863333333,-43.3708670166667,905,1,15,-123,-118
19:20:47,229,-21.7765835833333,-43.37088565,907.7,1,15,-120,-121
19:20:55,230,-21.77648325,-43.3708523333333,905,1,15,-130,-120
19:21:20,233,-21.7762042333333,-43.3709098,889.9,1,15,-130,-120
19:21:28,234,-21.7761039666667,-43.3709558666667,887.1,1,15,-130,-120
19:21:36,235,-21.7760034,-43.3709630333333,887.9,1,15,-126,-118
19:21:44,236,-21.77591325,-43.3710070333333,893.1,1,15,-129,-120
19:21:52,237,-21.7758510666667,-43.3710541333333,895.7,1,15,-127,-119
19:22:00,238,-21.7757706833333,-43.3710826833333,899,1,15,-123,-118
19:22:08,239,-21.7756707666667,-43.3710999333333,899.3,1,15,-123,-118
19:22:17,240,-21.7755792666667,-43.3711007333333,898.6,1,15,-129,-121
19:22:25,241,-21.7755121833333,-43.3711200333333,899.2,1,15,-123,-120
19:22:33,242,-21.7754342166667,-43.3711278166667,901.4,1,15,-128,-118
19:22:41,243,-21.7753494,-43.3711625833333,900.8,1,15,-126,-119
19:22:49,244,-21.7752385666667,-43.3711794333333,900,1,15,-126,-113
19:22:57,245,-21.7751466166667,-43.3711886333333,902.4,1,15,-126,-119
19:23:05,246,-21.7750587833333,-43.3712080333333,905.2,1,15,-127,-120
19:23:21,248,-21.77486555,-43.3712170333333,908.7,1,15,-130,-112
19:23:38,250,-21.7746543666667,-43.37122085,912.6,1,15,-132,-120
19:23:46,251,-21.7745560166667,-43.3712465833333,912.3,1,15,-132,-120
19:23:54,252,-21.7744612833333,-43.3712722,913.1,1,15,-123,-120
19:24:02,253,-21.7743943833333,-43.3712364,902.4,1,15,-124,-120
19:24:10,254,-21.7743610833333,-43.3712026333333,891.5,1,15,-119,-120
19:24:18,255,-21.7742944,-43.3711247,894.6,1,15,-116,-119
19:24:26,256,-21.7743043,-43.3710518833333,895,1,15,-122,-119
19:24:35,257,-21.7743802333333,-43.3710108333333,891.4,1,15,-124,-112
19:24:43,258,-21.7744461166667,-43.3709932333333,889.2,1,15,-126,-118
19:24:51,259,-21.7745227333333,-43.3709608166667,889.4,1,15,-111,-119
19:24:59,260,-21.7746138833333,-43.37092705,891.3,1,15,-118,-119
19:25:07,261,-21.7747051333333,-43.3709033833333,891.9,1,15,-117,-120
19:25:15,262,-21.7747917666667,-43.3708792333333,895.1,1,15,-114,-118
19:25:23,263,-21.7748803666667,-43.3708648166667,896.2,1,15,-120,-121
19:25:31,264,-21.7749707666667,-43.3708339666667,897.4,1,15,-115,-113
19:25:39,265,-21.7750651333333,-43.3708158166667,897.4,1,15,-117,-121
19:25:48,266,-21.7751846833333,-43.370785,895.9,1,15,-108,-109
19:25:56,267,-21.7752718166667,-43.3707654166667,894.9,1,15,-123,-121
19:26:04,268,-21.7753291666667,-43.3707876333333,890.3,1,15,-122,-119
19:26:12,269,-21.7753821833333,-43.37069285,888.8,1,15,-122,-120
19:26:20,270,-21.7753785166667,-43.3706166166667,881.1,1,15,-125,-120
19:26:28,271,-21.7754563333333,-43.37059825,879.1,1,15,-127,-123
19:26:44,273,-21.77555655,-43.37048445,877.2,1,14,-128,-121
19:26:52,274,-21.7755733333333,-43.3704223166667,871.8,1,14,-123,-121
19:27:01,275,-21.7755986833333,-43.3703414333333,873.3,1,14,-123,-121
19:27:09,276,-21.7756217833333,-43.3702799666667,876.7,1,14,-119,-115
19:27:17,277,-21.7756163166667,-43.37021115,879,1,14,-119,-114
19:27:25,278,-21.7755441666667,-43.3701835166667,879.8,1,14,-117,-109
19:27:33,279,-21.77546615,-43.3701887666667,881.1,1,14,-114,-113
19:27:41,280,-21.7753855,-43.3702086166667,881.7,1,14,-111,-113
19:27:49,281,-21.7753012166667,-43.3702299166667,882.1,1,14,-122,-121
19:27:57,282,-21.7752079333333,-43.3702481166667,883.4,1,15,-110,-114
19:28:05,283,-21.7751166333333,-43.3702721166667,882.9,1,15,-111,-119
19:28:14,284,-21.7750166666667,-43.3702927333333,882.8,1,15,-122,-114
19:28:22,285,-21.7749371333333,-43.3703175166667,883.1,1,15,-122,-117
19:28:30,286,-21.7748670666667,-43.3703415333333,880.9,1,15,-122,-119
19:28:38,287,-21.7748007833333,-43.3703638833333,878.3,1,15,-116,-120
19:28:46,288,-21.77478125,-43.3703247,874.4,1,15,-118,-120
19:28:54,289,-21.7747350333333,-43.3702734333333,871.4,1,15,-116,-121
19:29:02,290,-21.7746804833333,-43.3701988,871.1,1,15,-110,-119
19:29:10,291,-21.7746178333333,-43.3701657,871.4,1,15,-116,-123
19:29:18,292,-21.7745507333333,-43.3701835166667,871.2,1,15,-122,-120
19:29:27,293,-21.7744586166667,-43.3702011333333,873,1,15,-118,-119
19:29:35,294,-21.7744004833333,-43.3701559666667,869.8,1,15,-112,-117
19:29:43,295,-21.7743782333333,-43.3700751166667,871.8,1,15,-117,-117
19:29:51,296,-21.7743679166667,-43.3699972166667,872.7,1,15,-115,-115
19:29:59,297,-21.7743593,-43.3699150666667,872.4,1,15,-119,-120
19:30:07,298,-21.77433825,-43.3698393833333,870.5,1,15,-115,-118
19:30:15,299,-21.7742880666667,-43.3697745333333,867.9,1,15,-115,-112
19:30:23,300,-21.7742576666667,-43.369701,868.2,1,15,-114,-104
19:30:32,301,-21.77420365,-43.3696162166667,868.4,1,15,-114,-123
19:30:40,302,-21.7741248666667,-43.3695706,869,1,15,-119,-114
19:30:48,303,-21.7740554833333,-43.3695147833333,869.1,1,15,-116,-121
19:30:56,304,-21.77403605,-43.3694331666667,870.8,1,15,-116,-119
19:31:04,305,-21.77405645,-43.3693544833333,871.2,1,15,-117,-113
19:31:12,306,-21.7740284333333,-43.3692741,869.9,1,15,-124,-121
19:31:20,307,-21.7739646833333,-43.3692155333333,869.6,1,15,-118,-117
19:31:28,308,-21.7738966666667,-43.3691610833333,869.5,1,15,-114,-114
19:31:36,309,-21.7738156833333,-43.36913655,869.9,1,15,-112,-121
19:31:45,310,-21.7737166833333,-43.3691409333333,871.4,1,15,-114,-113
19:31:53,311,-21.7736344666667,-43.36913705,870.4,1,15,-116,-115
19:32:01,312,-21.7735529833333,-43.3690987666667,869.1,1,15,-120,-117
19:32:09,313,-21.7734904666667,-43.3690465833333,869.8,1,15,-120,-120
19:32:17,314,-21.7734476333333,-43.3689789166667,869.6,1,15,-117,-118
19:32:25,315,-21.7734373333333,-43.3688915333333,871.6,1,15,-121,-121
19:32:33,316,-21.7734652833333,-43.3688029666667,872.5,1,15,-120,-114
19:32:41,317,-21.7734894166667,-43.3687256666667,878.4,1,15,-110,-120
19:32:49,318,-21.7735198666667,-43.3686343666667,874.1,1,14,-111,-115
19:32:58,319,-21.7735097166667,-43.3685366333333,873.6,1,14,-112,-120
19:33:06,320,-21.77351195,-43.3684405666667,874.3,1,14,-115,-111
19:33:14,321,-21.7735749,-43.3683818166667,875,1,14,-116,-117
19:33:22,322,-21.7736077666667,-43.3682996666667,875.2,1,14,-113,-113
19:33:30,323,-21.7735846833333,-43.36821165,874.7,1,14,-111,-125
19:33:38,324,-21.77357135,-43.36811255,875.6,1,14,-116,-120
19:33:46,325,-21.7735584166667,-43.3680150333333,875.5,1,14,-106,-119
19:33:54,326,-21.7735707333333,-43.3679412333333,874.5,1,14,-109,-108
19:34:02,327,-21.7735708666667,-43.3679409333333,874.4,1,14,-111,-121
19:34:11,328,-21.7735711333333,-43.3679362666667,874.5,1,14,-115,-113
19:34:19,329,-21.7735718333333,-43.3679362666667,874.5,1,14,-106,-117
19:34:27,330,-21.7735715,-43.3679366833333,874.5,1,14,-115,-109
19:34:35,331,-21.7735712,-43.3679367666667,874.5,1,14,-109,-107
19:34:43,332,-21.7735716,-43.3679308166667,874.2,1,14,-113,-103
19:34:51,333,-21.7736177166667,-43.3678631833333,872,1,14,-99,-114
19:34:59,334,-21.7736586666667,-43.36781345,873,1,14,-107,-108
19:35:07,335,-21.7736628666667,-43.3677396166667,873.1,1,14,-101,-121
19:35:16,336,-21.7736555333333,-43.3676674833333,872.5,1,14,-106,-106
19:35:24,337,-21.7736292833333,-43.3675683,872.3,1,14,-106,-118
19:35:32,338,-21.7735955333333,-43.3675081166667,869.8,1,14,-108,-109
19:35:40,339,-21.7735390333333,-43.3675183666667,873.4,1,14,-110,-108
19:35:48,340,-21.7734794666667,-43.3675455833333,875.5,1,14,-108,-107
19:35:56,341,-21.7734122666667,-43.3675562333333,877.3,1,14,-108,-119
19:36:04,342,-21.7733405333333,-43.3675887666667,878.1,1,14,-121,-112
19:36:12,343,-21.77326745,-43.3676236833333,878.6,1,14,-119,-113
19:36:20,344,-21.7732072666667,-43.3676797666667,879.9,1,14,-110,-120
19:36:29,345,-21.7731541666667,-43.3677588166667,880.7,1,14,-109,-118
19:36:37,346,-21.7731179166667,-43.3678514,880.5,1,14,-111,-107
19:36:45,347,-21.7730870833333,-43.3679603833333,878.8,1,14,-119,-121
19:36:53,348,-21.77307665,-43.3680539166667,881.7,1,14,-115,-116
19:37:01,349,-21.7730849666667,-43.3681416833333,882.9,1,14,-116,-120
19:37:09,350,-21.7730556166667,-43.3682357,880.9,1,14,-106,-118
19:37:17,351,-21.7729858333333,-43.3682266666667,876.6,1,14,-106,-114
19:37:25,352,-21.7729641166667,-43.3681672166667,876.1,1,14,-105,-112
19:37:33,353,-21.77293855,-43.3681012166667,876.3,1,14,-102,-114
19:37:42,354,-21.7729099333333,-43.3680177333333,876.3,1,14,-98,-101
19:37:50,355,-21.7729056666667,-43.3679383166667,876.2,1,14,-112,-119
19:37:58,356,-21.77290665,-43.3678717666667,873.8,1,14,-107,-110
19:38:06,357,-21.7729007,-43.3678024333333,874.6,1,14,-105,-123
19:38:14,358,-21.7729293,-43.3677292166667,873.4,1,14,-115,-109
19:38:22,359,-21.7729588166667,-43.3676728833333,873.1,1,14,-111,-121
19:38:30,360,-21.7729976333333,-43.3676151,873.3,1,14,-108,-117
19:38:38,361,-21.7730402,-43.3675650166667,872.9,1,14,-109,-117
19:38:46,362,-21.7731014333333,-43.3675048333333,871.9,1,14,-113,-108
19:38:55,363,-21.7731614833333,-43.3674538166667,871.8,1,14,-108,-118
19:39:03,364,-21.7732096833333,-43.3673951833333,871.8,1,14,-111,-119
19:39:11,365,-21.7732881166667,-43.3674065833333,872,1,14,-124,-121
19:39:19,366,-21.7733493166667,-43.3673931833333,875.6,1,14,-113,-108
19:39:27,367,-21.7734196666667,-43.3673494166667,877.3,1,14,-107,-120
19:39:35,368,-21.7734705166667,-43.3673052666667,877.5,1,14,-114,-111
19:39:43,369,-21.7735496333333,-43.3672781833333,877.8,1,14,-124,-114
19:39:51,370,-21.7736204166667,-43.3672736,880.2,1,14,-112,-115
19:40:00,371,-21.7736869333333,-43.3672323333333,879.1,1,14,-108,-110
19:40:08,372,-21.7737671833333,-43.3672353666667,877.5,1,14,-102,-113
19:40:16,373,-21.7738371833333,-43.3672294333333,876.2,1,14,-104,-107
19:40:24,374,-21.77392395,-43.3672123166667,872.3,1,14,-108,-101
19:40:32,375,-21.7739627833333,-43.3671919833333,875,1,14,-106,-113
19:40:40,376,-21.7740180666667,-43.3671676333333,874.2,1,14,-106,-104
19:40:48,377,-21.77408445,-43.3671653666667,873.5,1,14,-108,-115
19:40:56,378,-21.7741555666667,-43.3671590833333,873,1,14,-110,-109
19:41:04,379,-21.7742249,-43.3671453,873.1,1,14,-113,-117
19:41:13,380,-21.7742972833333,-43.3671372833333,876.7,1,14,-110,-114
19:41:21,381,-21.7743762666667,-43.3671054,876.7,1,14,-107,-119
19:41:29,382,-21.7744585333333,-43.36708825,876.2,1,14,-110,-103
19:41:37,383,-21.7745335166667,-43.3670747166667,877.3,1,14,-109,-119
19:41:45,384,-21.7746145166667,-43.3670536833333,878.6,1,14,-114,-113
19:41:53,385,-21.7747011833333,-43.3670458833333,878.6,1,14,-111,-120
19:42:01,386,-21.7747765833333,-43.3670481166667,881.2,1,14,-118,-115
19:42:09,387,-21.7748526666667,-43.3670051666667,880.7,1,14,-105,-108
19:42:17,388,-21.7749216666667,-43.36698405,878.2,1,14,-114,-113
19:42:26,389,-21.7749970833333,-43.3669464333333,876.7,1,14,-107,-120
19:42:34,390,-21.7750891,-43.3669589833333,876.6,1,14,-108,-117
19:42:42,391,-21.7751282666667,-43.3670346166667,875.9,1,14,-107,-121
19:42:50,392,-21.7751873333333,-43.3670922333333,876.2,1,13,-117,-111
19:42:58,393,-21.7752411833333,-43.3671503666667,876.4,1,13,-109,-121
19:43:06,394,-21.7752924833333,-43.36717365,876.7,1,13,-118,-113
19:43:14,395,-21.7753153833333,-43.3671259833333,873.9,1,13,-113,-119
19:43:22,396,-21.7753474,-43.3670735333333,874.2,1,13,-114,-120
19:43:30,397,-21.7753499666667,-43.366998,873.3,1,13,-106,-121
19:43:39,398,-21.7753507166667,-43.3669367166667,873.7,1,13,-106,-109
19:43:47,399,-21.7754058333333,-43.3668447333333,872.3,1,13,-115,-113
19:43:55,400,-21.7754442666667,-43.3668022333333,873,1,13,-105,-109
19:44:03,401,-21.7755130666667,-43.3667880666667,872.2,1,13,-109,-111
19:44:11,402,-21.77556195,-43.3667542666667,872.8,1,13,-115,-114
19:44:19,403,-21.77560825,-43.3666983666667,872.9,1,13,-115,-113
19:44:27,404,-21.7756351333333,-43.3666189,874.2,1,13,-113,-121
19:44:35,405,-21.7756691333333,-43.3665452666667,874.4,1,13,-123,-123
19:44:44,406,-21.7756743,-43.3664528833333,875.1,1,13,-117,-119
19:44:52,407,-21.7756786166667,-43.3663896,876,1,13,-114,-121
19:45:00,408,-21.7756798833333,-43.3663161833333,876.8,1,13,-121,-117
19:45:08,409,-21.7756765833333,-43.3662377333333,877.5,1,13,-120,-114
19:45:24,411,-21.7756783666667,-43.3660695333333,878.5,1,13,-123,-121
19:45:32,412,-21.7756787833333,-43.3659879166667,879.7,1,13,-123,-119
19:45:40,413,-21.7756658666667,-43.3658963166667,879.9,1,13,-119,-120
19:45:48,414,-21.7756433666667,-43.3658211333333,881.4,1,13,-121,-118
19:45:57,415,-21.7756103166667,-43.3657339,881.2,1,13,-115,-118
19:46:05,416,-21.7755662666667,-43.3656618833333,881.5,1,13,-116,-120
19:46:13,417,-21.7755076833333,-43.3655938166667,879.8,1,13,-122,-119
19:46:21,418,-21.7754235833333,-43.3655579,877,1,13,-116,-120
19:46:29,419,-21.7753520166667,-43.3655372166667,874.6,1,13,-115,-121
19:46:37,420,-21.7752890666667,-43.3655404166667,873.7,1,13,-122,-113
19:46:45,421,-21.7752246166667,-43.3655551833333,872.7,1,13,-115,-123
19:47:01,423,-21.7750884333333,-43.3656154,871.9,1,13,-115,-121
19:47:10,424,-21.7750084666667,-43.3656532333333,873.1,1,13,-107,-117
19:47:18,425,-21.77492735,-43.3656714166667,874.6,1,13,-109,-115
19:47:26,426,-21.7748391833333,-43.3656875833333,874.5,1,13,-109,-109
19:47:34,427,-21.7747531666667,-43.3657050833333,875,1,13,-109,-118
19:47:42,428,-21.7746808666667,-43.3657124333333,874.8,1,13,-109,-107
19:47:50,429,-21.7745932333333,-43.3656886166667,873.6,1,13,-105,-119
19:47:58,430,-21.7745182,-43.3656417833333,871.6,1,13,-113,-115
19:48:06,431,-21.7744927,-43.3655732833333,870.8,1,13,-112,-121
19:48:14,432,-21.7744366333333,-43.3655865166667,870.4,1,13,-111,-114
19:48:23,433,-21.7743457333333,-43.3655933833333,870.8,1,13,-114,-117
19:48:31,434,-21.7742728833333,-43.3655855833333,871.9,1,13,-122,-111
19:48:39,435,-21.7741717666667,-43.36556525,870.4,1,13,-118,-120
19:48:47,436,-21.7741317,-43.3656317666667,872,1,13,-114,-117
19:48:55,437,-21.7740957,-43.3656369333333,873.4,1,12,-113,-117
19:49:03,438,-21.7740705666667,-43.36557595,874.3,1,12,-115,-108
19:49:11,439,-21.77400745,-43.3655616333333,876.3,1,13,-110,-123
19:49:19,440,-21.7739537833333,-43.3655549333333,878.5,1,13,-112,-115
19:49:27,441,-21.7739158666667,-43.3656128833333,880.2,1,13,-102,-106
19:49:36,442,-21.77386445,-43.3655638,882.6,1,13,-111,-117
19:49:44,443,-21.7738095833333,-43.3655177833333,884.5,1,13,-104,-121
19:49:52,444,-21.77374575,-43.3655112166667,885.3,1,13,-107,-106
19:50:00,445,-21.7736775833333,-43.3654962333333,885.9,1,13,-110,-106
19:50:08,446,-21.7736137833333,-43.3655269333333,887.5,1,13,-101,-108
19:50:16,447,-21.7735341666667,-43.3654663333333,889,1,12,-102,-103
19:50:24,448,-21.77351725,-43.3653927,889.4,1,12,-107,-103
19:50:32,449,-21.7734484833333,-43.3654006833333,890.8,1,13,-106,-111
19:50:41,450,-21.7733307333333,-43.36535265,888,1,12,-99,-105
19:50:49,451,-21.7732507833333,-43.36531195,884,1,13,-96,-107
19:50:57,452,-21.7731794333333,-43.3653260833333,885.7,1,13,-91,-96
19:51:05,453,-21.7731557833333,-43.3652983333333,888,1,13,-95,-107
19:51:13,454,-21.7731399166667,-43.3652558166667,890.3,1,12,-96,-99
19:51:21,455,-21.7731523833333,-43.36517315,892.6,1,12,-100,-99
19:51:29,456,-21.7731295666667,-43.3651159166667,895.2,1,12,-99,-98
19:51:37,457,-21.77313055,-43.3651000666667,895.1,1,13,-110,-119
19:51:45,458,-21.77310825,-43.3651573333333,896.4,1,13,-111,-113
19:51:54,459,-21.7730728666667,-43.3652326666667,896.4,1,13,-110,-121
19:52:02,460,-21.7730369666667,-43.3652974333333,895.6,1,13,-111,-117
19:52:10,461,-21.77301825,-43.3653683833333,895,1,13,-106,-121
19:52:18,462,-21.7729780833333,-43.3654350666667,895.4,1,13,-114,-120
19:52:26,463,-21.7729426,-43.3655077,895.9,1,13,-125,-119
19:52:34,464,-21.7729093333333,-43.3655798333333,896.5,1,13,-113,-119
19:52:42,465,-21.7728700333333,-43.3656557333333,895.9,1,13,-114,-112
19:52:50,466,-21.7728370333333,-43.3657277,895.4,1,13,-122,-115
19:52:58,467,-21.7728013333333,-43.3657932333333,896,1,13,-113,-113
19:53:07,468,-21.7727711666667,-43.3658791833333,895.9,1,13,-110,-117
19:53:15,469,-21.7727620666667,-43.3659591666667,895.6,1,13,-97,-117
19:53:23,470,-21.7727459,-43.3660353833333,896.4,1,13,-101,-97
19:53:31,471,-21.7727515333333,-43.3661148833333,895.7,1,13,-99,-99
19:53:39,472,-21.7727531166667,-43.366199,895.6,1,13,-101,-102
19:53:47,473,-21.7727711833333,-43.3662772833333,895.8,1,13,-112,-103
19:53:55,474,-21.7728084833333,-43.3663263833333,896.1,1,12,-100,-100
19:54:03,475,-21.7728255833333,-43.3663871666667,895.2,1,12,-92,-100
19:54:11,476,-21.7728547166667,-43.3664469833333,894.5,1,12,-102,-95
19:54:20,477,-21.7728746,-43.3665264666667,894.2,1,12,-104,-119
19:54:28,478,-21.7728903333333,-43.3665872,894.5,1,12,-100,-100
19:54:36,479,-21.7729094333333,-43.36665285,894.1,1,12,-98,-109
19:54:44,480,-21.7729682833333,-43.3667208666667,895.9,1,13,-99,-99
19:54:52,481,-21.7730247833333,-43.3666858666667,897.3,1,13,-101,-119
19:55:00,482,-21.7730719,-43.3666667166667,897.7,1,13,-102,-105
19:55:08,483,-21.7731261,-43.3666398833333,897.9,1,13,-91,-108
19:55:16,484,-21.7731876833333,-43.36662385,899,1,13,-98,-95
19:55:25,485,-21.7732631666667,-43.3665995666667,898.7,1,13,-94,-115
19:55:33,486,-21.7733252666667,-43.3665872833333,899.2,1,13,-96,-101
19:55:41,487,-21.7733933666667,-43.3665806833333,899.2,1,13,-97,-103
19:55:49,488,-21.7734602833333,-43.3665579333333,901.1,1,13,-91,-90
19:55:57,489,-21.77352,-43.36653885,902.5,1,13,-96,-101
19:56:05,490,-21.77358805,-43.3665119166667,902.6,1,13,-101,-90
19:56:13,491,-21.7736467666667,-43.3664764333333,901.1,1,14,-89,-97
19:56:21,492,-21.7737120166667,-43.36643575,898.9,1,14,-90,-87
19:56:29,493,-21.7737735666667,-43.3663895333333,898.7,1,14,-89,-103
19:56:38,494,-21.7738511333333,-43.3663406,897.5,1,14,-90,-95
19:56:46,495,-21.7739093833333,-43.3663167166667,897.1,1,13,-93,-99
19:56:54,496,-21.7739808666667,-43.3663208833333,897.3,1,13,-95,-96
19:57:02,497,-21.7740463,-43.3663074166667,896.9,1,14,-102,-103
19:57:10,498,-21.7741214166667,-43.3663217666667,896.4,1,14,-98,-87
19:57:18,499,-21.7741761666667,-43.36631155,896,1,14,-89,-88
19:57:26,500,-21.7742308666667,-43.3662526333333,894.5,1,14,-92,-95
19:57:34,501,-21.7742649,-43.366179,893.9,1,14,-94,-103
19:57:42,502,-21.7742820166667,-43.3661025666667,893.6,1,14,-90,-91
19:57:51,503,-21.7743116666667,-43.3660273166667,892.9,1,14,-92,-102
19:57:59,504,-21.7743203833333,-43.3659637666667,892.7,1,14,-101,-93
19:58:07,505,-21.7742917833333,-43.3659056166667,891.9,1,14,-97,-119
19:58:15,506,-21.7742444333333,-43.36592945,893.8,1,14,-99,-93
19:58:23,507,-21.7741996333333,-43.36597125,894.2,1,14,-95,-94
19:58:31,508,-21.7741317833333,-43.3660164,894,1,14,-94,-99
19:58:39,509,-21.7740846,-43.3660560333333,894.5,1,14,-93,-113
19:58:47,510,-21.7740280333333,-43.3660985833333,894.4,1,14,-97,-99
19:58:55,511,-21.77397705,-43.3661557,894.3,1,14,-93,-97
19:59:04,512,-21.7739181666667,-43.3662068666667,893.3,1,14,-102,-96
19:59:12,513,-21.7738672666667,-43.3662486166667,893,1,14,-87,-83
19:59:20,514,-21.7738644666667,-43.36633525,892.4,1,14,-91,-90
19:59:28,515,-21.7738991833333,-43.36624865,893.6,1,14,-85,-85
19:59:36,516,-21.7739108833333,-43.3661769833333,894.4,1,14,-87,-81
19:59:44,517,-21.7739318166667,-43.3661055666667,894.6,1,14,-95,-78
19:59:52,518,-21.7739698666667,-43.3660583833333,896.5,1,14,-97,-94
20:00:00,519,-21.7740106166667,-43.3659916333333,897,1,14,-104,-85
